model,mean_abs_deviation,category_agreement,spearman_rho
MichelRosselli_apertus_70b_instruct_2509_q4_k_m,0.13999999999999996,0.7,0.5577733510227171
gemma3_27b,0.13999999999999996,0.7,0.3195048252113469
gpt_oss_120b,0.11800000000000001,0.4,0.18396670894485231
llama3_3_70b,0.11000000000000001,0.7,
pooled (4 models),0.11766666666666667,0.7,0.5387523225385209
